{
    "10": [
        262.0,
        75.0,
        40.0,
        94.0
    ],
    "20": [
        265.0,
        85.0,
        24.0,
        94.0
    ],
    "30": [
        272.0,
        76.0,
        28.0,
        88.0
    ],
    "40": [
        283.0,
        96.0,
        28.0,
        88.0
    ],
    "50": [
        300.0,
        77.0,
        28.0,
        88.0
    ],
    "60": [
        308.0,
        102.0,
        28.0,
        88.0
    ],
    "70": [
        319.0,
        94.0,
        24.0,
        94.0
    ],
    "80": [
        327.0,
        101.0,
        28.0,
        88.0
    ],
    "90": [
        326.0,
        94.0,
        28.0,
        88.0
    ],
    "100": [
        313.0,
        82.0,
        28.0,
        88.0
    ],
    "110": [
        273.0,
        64.0,
        28.0,
        88.0
    ]
}